{
    "zh": {
        "default": {
            "default": "zh-Hans",
            "hk": "zh-Hant-HK",
            "mo": "zh-Hant-MO",
            "my": "zh-Hans-MY",
            "sg": "zh-Hans-SG",
            "tw": "zh-Hant-TW"
        },
        "hans": {
            "default": "zh-Hans",
            "hk": "zh-Hant-HK",
            "mo": "zh-Hant-MO",
            "my": "zh-Hans-MY",
            "sg": "zh-Hans-SG",
            "tw": "zh-Hant-TW"
        },
        "hant": {
            "default": "zh-Hant-HK",
            "hk": "zh-Hant-HK",
            "mo": "zh-Hant-MO",
            "my": "zh-Hans-MY",
            "sg": "zh-Hans-SG",
            "tw": "zh-Hant-TW"
        }
    },
    "sr": {
        "default": {
            "default": "sr-Cyrl"
        },
        "cyrl": {
            "default": "sr-Cyrl"
        },
        "latn": {
            "default": "sr-Latn"
        }
    },
    "crh": {
        "default": {
            "default": "crh-Latn"
        }
    },
    "gan": {
        "default": {
            "default": "gan-Hans"
        }
    },
    "ku": {
        "default": {
            "default": "ku-Latn",
        }
    },
    "kk": {
        "default": {
            "default": "kk-Cyrl"
        }
    },
    "tg": {
        "default": {
            "default": "tg-Cyrl",
        }
    },
    "iu": {
        "default": {
            "default": "ike-Cans",
        }
    },
    "uz": {
        "cyrl": {
            "default": "uz-Cyrl",
        },
        "default": {
            "default": "uz-Latn",
        },
        "arab": {
            "default": "uz-Latn",
        },
        "latn": {
            "default": "uz-Latn",
        }
    },
    "nb": {
        "default": {
            "default": "no",
        }
    },
    "shi": {
        "default": {
            "default": "shi-Latn",
        },
        "tfng" : {
            "default": "shi-Tfng",
        },
        "latn": {
            "default": "shi-Latn",
        }
    }
}
