[
  {
    "aliases" : [
      "senter",
      "center",
      "centre"
    ],
    "name" : "img_center"
  },
  {
    "aliases" : [
      "omraam",
      "frame",
      "framed",
      "enframed"
    ],
    "name" : "img_framed"
  },
  {
    "aliases" : [
      "raamloos",
      "frameless"
    ],
    "name" : "img_frameless"
  },
  {
    "aliases" : [
      "links",
      "left"
    ],
    "name" : "img_left"
  },
  {
    "aliases" : [
      "geen",
      "none"
    ],
    "name" : "img_none"
  },
  {
    "aliases" : [
      "regs",
      "right"
    ],
    "name" : "img_right"
  },
  {
    "aliases" : [
      "duimnael",
      "thumb",
      "thumbnail"
    ],
    "name" : "img_thumbnail"
  },
  {
    "aliases" : [
      "alt=$1"
    ],
    "name" : "img_alt"
  },
  {
    "aliases" : [
      "Lêer"
    ],
    "name" : "file_namespace"
  }
]