[
  {
    "aliases" : [
      "بديل=$1",
      "alt=$1"
    ],
    "name" : "img_alt"
  },
  {
    "aliases" : [
      "مركز",
      "center",
      "centre"
    ],
    "name" : "img_center"
  },
  {
    "aliases" : [
      "إطار",
      "بإطار",
      "frame",
      "framed",
      "enframed"
    ],
    "name" : "img_framed"
  },
  {
    "aliases" : [
      "لاإطار",
      "من_غير_اطار",
      "frameless"
    ],
    "name" : "img_frameless"
  },
  {
    "aliases" : [
      "يسار",
      "left"
    ],
    "name" : "img_left"
  },
  {
    "aliases" : [
      "بدون",
      "بلا",
      "none"
    ],
    "name" : "img_none"
  },
  {
    "aliases" : [
      "يمين",
      "right"
    ],
    "name" : "img_right"
  },
  {
    "aliases" : [
      "تصغير",
      "مصغر",
      "thumb",
      "thumbnail"
    ],
    "name" : "img_thumbnail"
  },
  {
    "aliases" : [
      "ملف"
    ],
    "name" : "file_namespace"
  }
]