[
  {
    "aliases" : [
      "sentro",
      "tangâ",
      "center",
      "centre"
    ],
    "name" : "img_center"
  },
  {
    "aliases" : [
      "nakakawadro",
      "kwadro",
      "frame",
      "framed",
      "enframed"
    ],
    "name" : "img_framed"
  },
  {
    "aliases" : [
      "daing kwadro",
      "frameless"
    ],
    "name" : "img_frameless"
  },
  {
    "aliases" : [
      "wala",
      "left"
    ],
    "name" : "img_left"
  },
  {
    "aliases" : [
      "mayò",
      "none"
    ],
    "name" : "img_none"
  },
  {
    "aliases" : [
      "too",
      "right"
    ],
    "name" : "img_right"
  },
  {
    "aliases" : [
      "alt=$1"
    ],
    "name" : "img_alt"
  },
  {
    "aliases" : [
      "thumb",
      "thumbnail"
    ],
    "name" : "img_thumbnail"
  },
  {
    "aliases" : [
      "Ladawan"
    ],
    "name" : "file_namespace"
  }
]