[
  {
    "aliases" : [
      "цэнтр",
      "center",
      "centre"
    ],
    "name" : "img_center"
  },
  {
    "aliases" : [
      "безрамкі",
      "frame",
      "framed",
      "enframed"
    ],
    "name" : "img_framed"
  },
  {
    "aliases" : [
      "злева",
      "left"
    ],
    "name" : "img_left"
  },
  {
    "aliases" : [
      "няма",
      "none"
    ],
    "name" : "img_none"
  },
  {
    "aliases" : [
      "справа",
      "right"
    ],
    "name" : "img_right"
  },
  {
    "aliases" : [
      "міні",
      "мініяцюра",
      "thumb",
      "thumbnail"
    ],
    "name" : "img_thumbnail"
  },
  {
    "aliases" : [
      "alt=$1"
    ],
    "name" : "img_alt"
  },
  {
    "aliases" : [
      "frameless"
    ],
    "name" : "img_frameless"
  },
  {
    "aliases" : [
      "Файл"
    ],
    "name" : "file_namespace"
  }
]