[
  {
    "aliases" : [
      "център",
      "ц",
      "центр",
      "center",
      "centre"
    ],
    "name" : "img_center"
  },
  {
    "aliases" : [
      "рамка",
      "врамка",
      "frame",
      "framed",
      "enframed"
    ],
    "name" : "img_framed"
  },
  {
    "aliases" : [
      "безрамка",
      "frameless"
    ],
    "name" : "img_frameless"
  },
  {
    "aliases" : [
      "ляво",
      "вляво",
      "л",
      "left"
    ],
    "name" : "img_left"
  },
  {
    "aliases" : [
      "н",
      "none"
    ],
    "name" : "img_none"
  },
  {
    "aliases" : [
      "дясно",
      "вдясно",
      "д",
      "right"
    ],
    "name" : "img_right"
  },
  {
    "aliases" : [
      "мини",
      "thumb",
      "thumbnail"
    ],
    "name" : "img_thumbnail"
  },
  {
    "aliases" : [
      "alt=$1"
    ],
    "name" : "img_alt"
  },
  {
    "aliases" : [
      "Файл"
    ],
    "name" : "file_namespace"
  }
]