[
  {
    "aliases" : [
      "centar",
      "c",
      "center",
      "centre"
    ],
    "name" : "img_center"
  },
  {
    "aliases" : [
      "okvir",
      "ram",
      "frame",
      "framed",
      "enframed"
    ],
    "name" : "img_framed"
  },
  {
    "aliases" : [
      "bez_okvira",
      "frameless"
    ],
    "name" : "img_frameless"
  },
  {
    "aliases" : [
      "lijevo",
      "l",
      "left"
    ],
    "name" : "img_left"
  },
  {
    "aliases" : [
      "n",
      "bez",
      "none"
    ],
    "name" : "img_none"
  },
  {
    "aliases" : [
      "desno",
      "d",
      "right"
    ],
    "name" : "img_right"
  },
  {
    "aliases" : [
      "mini",
      "thumb",
      "thumbnail"
    ],
    "name" : "img_thumbnail"
  },
  {
    "aliases" : [
      "alt=$1"
    ],
    "name" : "img_alt"
  },
  {
    "aliases" : [
      "Datoteka"
    ],
    "name" : "file_namespace"
  }
]