[
  {
    "aliases" : [
      "centruj",
      "center",
      "centre"
    ],
    "name" : "img_center"
  },
  {
    "aliases" : [
      "ramka",
      "frame",
      "framed",
      "enframed"
    ],
    "name" : "img_framed"
  },
  {
    "aliases" : [
      "bezramki",
      "bez_ramki",
      "frameless"
    ],
    "name" : "img_frameless"
  },
  {
    "aliases" : [
      "lewo",
      "left"
    ],
    "name" : "img_left"
  },
  {
    "aliases" : [
      "brak",
      "none"
    ],
    "name" : "img_none"
  },
  {
    "aliases" : [
      "prawo",
      "right"
    ],
    "name" : "img_right"
  },
  {
    "aliases" : [
      "mały",
      "thumb",
      "thumbnail"
    ],
    "name" : "img_thumbnail"
  },
  {
    "aliases" : [
      "alt=$1"
    ],
    "name" : "img_alt"
  },
  {
    "aliases" : [
      "Òbrôzk"
    ],
    "name" : "file_namespace"
  }
]