[
  {
    "aliases" : [
      "canol",
      "center",
      "centre"
    ],
    "name" : "img_center"
  },
  {
    "aliases" : [
      "chwith",
      "left"
    ],
    "name" : "img_left"
  },
  {
    "aliases" : [
      "dim",
      "none"
    ],
    "name" : "img_none"
  },
  {
    "aliases" : [
      "de",
      "right"
    ],
    "name" : "img_right"
  },
  {
    "aliases" : [
      "bawd",
      "ewin_bawd",
      "mân-lun",
      "thumb",
      "thumbnail"
    ],
    "name" : "img_thumbnail"
  },
  {
    "aliases" : [
      "alt=$1"
    ],
    "name" : "img_alt"
  },
  {
    "aliases" : [
      "frame",
      "framed",
      "enframed"
    ],
    "name" : "img_framed"
  },
  {
    "aliases" : [
      "frameless"
    ],
    "name" : "img_frameless"
  },
  {
    "aliases" : [
      "Delwedd"
    ],
    "name" : "file_namespace"
  }
]