[
  {
    "aliases" : [
      "klik=$1",
      "alt=$1"
    ],
    "name" : "img_alt"
  },
  {
    "aliases" : [
      "werte",
      "miyan",
      "center",
      "centre"
    ],
    "name" : "img_center"
  },
  {
    "aliases" : [
      "çerçeweyın",
      "çerçewekerden",
      "çerçewe",
      "frame",
      "framed",
      "enframed"
    ],
    "name" : "img_framed"
  },
  {
    "aliases" : [
      "béçerçewe",
      "frameless"
    ],
    "name" : "img_frameless"
  },
  {
    "aliases" : [
      "çep",
      "left"
    ],
    "name" : "img_left"
  },
  {
    "aliases" : [
      "çıniyo",
      "none"
    ],
    "name" : "img_none"
  },
  {
    "aliases" : [
      "raşt",
      "right"
    ],
    "name" : "img_right"
  },
  {
    "aliases" : [
      "resmoqıckek",
      "qıckek",
      "thumb",
      "thumbnail"
    ],
    "name" : "img_thumbnail"
  },
  {
    "aliases" : [
      "Dosya"
    ],
    "name" : "file_namespace"
  }
]