[
  {
    "aliases" : [
      "पाठ=$1",
      "alt=$1"
    ],
    "name" : "img_alt"
  },
  {
    "aliases" : [
      "केन्द्र",
      "केन्द्रित",
      "center",
      "centre"
    ],
    "name" : "img_center"
  },
  {
    "aliases" : [
      "फ्रेम",
      "frame",
      "framed",
      "enframed"
    ],
    "name" : "img_framed"
  },
  {
    "aliases" : [
      "फ्रेमहीन",
      "frameless"
    ],
    "name" : "img_frameless"
  },
  {
    "aliases" : [
      "बायाँ",
      "देब्रे",
      "left"
    ],
    "name" : "img_left"
  },
  {
    "aliases" : [
      "कुनै_पनि_होइन",
      "none"
    ],
    "name" : "img_none"
  },
  {
    "aliases" : [
      "दायाँ",
      "दाहिने",
      "right"
    ],
    "name" : "img_right"
  },
  {
    "aliases" : [
      "अङ्गुठाकार",
      "अङ्गुठा",
      "thumb",
      "thumbnail"
    ],
    "name" : "img_thumbnail"
  },
  {
    "aliases" : [
      "चित्र"
    ],
    "name" : "file_namespace"
  }
]