[
  {
    "aliases" : [
      "εναλλ.=$1",
      "alt=$1"
    ],
    "name" : "img_alt"
  },
  {
    "aliases" : [
      "κέντρο",
      "center",
      "centre"
    ],
    "name" : "img_center"
  },
  {
    "aliases" : [
      "με-πλαίσιο",
      "frame",
      "framed",
      "enframed"
    ],
    "name" : "img_framed"
  },
  {
    "aliases" : [
      "χωρίς-πλαίσιο",
      "frameless"
    ],
    "name" : "img_frameless"
  },
  {
    "aliases" : [
      "αριστερά",
      "left"
    ],
    "name" : "img_left"
  },
  {
    "aliases" : [
      "καθόλου",
      "none"
    ],
    "name" : "img_none"
  },
  {
    "aliases" : [
      "δεξιά",
      "right"
    ],
    "name" : "img_right"
  },
  {
    "aliases" : [
      "μικρογραφία",
      "μινιατούρα",
      "thumb",
      "thumbnail"
    ],
    "name" : "img_thumbnail"
  },
  {
    "aliases" : [
      "Αρχείο"
    ],
    "name" : "file_namespace"
  }
]