[
  {
    "aliases" : [
      "lár",
      "center",
      "centre"
    ],
    "name" : "img_center"
  },
  {
    "aliases" : [
      "fráma",
      "frámaithe",
      "frame",
      "framed",
      "enframed"
    ],
    "name" : "img_framed"
  },
  {
    "aliases" : [
      "clé",
      "left"
    ],
    "name" : "img_left"
  },
  {
    "aliases" : [
      "faic",
      "none"
    ],
    "name" : "img_none"
  },
  {
    "aliases" : [
      "deas",
      "right"
    ],
    "name" : "img_right"
  },
  {
    "aliases" : [
      "mion",
      "mionsamhail",
      "thumb",
      "thumbnail"
    ],
    "name" : "img_thumbnail"
  },
  {
    "aliases" : [
      "alt=$1"
    ],
    "name" : "img_alt"
  },
  {
    "aliases" : [
      "frameless"
    ],
    "name" : "img_frameless"
  },
  {
    "aliases" : [
      "Íomhá"
    ],
    "name" : "file_namespace"
  }
]