[
  {
    "aliases" : [
      "orta",
      "center",
      "centre"
    ],
    "name" : "img_center"
  },
  {
    "aliases" : [
      "çerçeveli",
      "çerçeve",
      "frame",
      "framed",
      "enframed"
    ],
    "name" : "img_framed"
  },
  {
    "aliases" : [
      "çerçevesiz",
      "frameless"
    ],
    "name" : "img_frameless"
  },
  {
    "aliases" : [
      "sol",
      "left"
    ],
    "name" : "img_left"
  },
  {
    "aliases" : [
      "yok",
      "none"
    ],
    "name" : "img_none"
  },
  {
    "aliases" : [
      "sağ",
      "right"
    ],
    "name" : "img_right"
  },
  {
    "aliases" : [
      "küçükresim",
      "küçük",
      "thumb",
      "thumbnail"
    ],
    "name" : "img_thumbnail"
  },
  {
    "aliases" : [
      "alt=$1"
    ],
    "name" : "img_alt"
  },
  {
    "aliases" : [
      "Dosye"
    ],
    "name" : "file_namespace"
  }
]