[
  {
    "aliases" : [
      "središte",
      "center",
      "centre"
    ],
    "name" : "img_center"
  },
  {
    "aliases" : [
      "okvir",
      "frame",
      "framed",
      "enframed"
    ],
    "name" : "img_framed"
  },
  {
    "aliases" : [
      "bezokvira",
      "frameless"
    ],
    "name" : "img_frameless"
  },
  {
    "aliases" : [
      "lijevo",
      "left"
    ],
    "name" : "img_left"
  },
  {
    "aliases" : [
      "ništa",
      "none"
    ],
    "name" : "img_none"
  },
  {
    "aliases" : [
      "desno",
      "right"
    ],
    "name" : "img_right"
  },
  {
    "aliases" : [
      "mini",
      "minijatura",
      "thumb",
      "thumbnail"
    ],
    "name" : "img_thumbnail"
  },
  {
    "aliases" : [
      "alt=$1"
    ],
    "name" : "img_alt"
  },
  {
    "aliases" : [
      "Datoteka"
    ],
    "name" : "file_namespace"
  }
]