[
  {
    "aliases" : [
      "középre",
      "közép",
      "center",
      "centre"
    ],
    "name" : "img_center"
  },
  {
    "aliases" : [
      "keretezett",
      "keretben",
      "keretes",
      "kerettel",
      "frame",
      "framed",
      "enframed"
    ],
    "name" : "img_framed"
  },
  {
    "aliases" : [
      "keretnélküli",
      "frameless"
    ],
    "name" : "img_frameless"
  },
  {
    "aliases" : [
      "balra",
      "bal",
      "left"
    ],
    "name" : "img_left"
  },
  {
    "aliases" : [
      "semmi",
      "none"
    ],
    "name" : "img_none"
  },
  {
    "aliases" : [
      "jobbra",
      "jobb",
      "right"
    ],
    "name" : "img_right"
  },
  {
    "aliases" : [
      "bélyegkép",
      "bélyeg",
      "miniatűr",
      "thumb",
      "thumbnail"
    ],
    "name" : "img_thumbnail"
  },
  {
    "aliases" : [
      "alt=$1"
    ],
    "name" : "img_alt"
  },
  {
    "aliases" : [
      "Fájl"
    ],
    "name" : "file_namespace"
  }
]