[
  {
    "aliases" : [
      "կենտրոն",
      "center",
      "centre"
    ],
    "name" : "img_center"
  },
  {
    "aliases" : [
      "շրջափակել",
      "frame",
      "framed",
      "enframed"
    ],
    "name" : "img_framed"
  },
  {
    "aliases" : [
      "ձախից",
      "left"
    ],
    "name" : "img_left"
  },
  {
    "aliases" : [
      "առանց",
      "none"
    ],
    "name" : "img_none"
  },
  {
    "aliases" : [
      "աջից",
      "right"
    ],
    "name" : "img_right"
  },
  {
    "aliases" : [
      "մինի",
      "thumb",
      "thumbnail"
    ],
    "name" : "img_thumbnail"
  },
  {
    "aliases" : [
      "alt=$1"
    ],
    "name" : "img_alt"
  },
  {
    "aliases" : [
      "frameless"
    ],
    "name" : "img_frameless"
  },
  {
    "aliases" : [
      "Պատկեր"
    ],
    "name" : "file_namespace"
  }
]