[
  {
    "aliases" : [
      "alternative=$1",
      "alt=$1"
    ],
    "name" : "img_alt"
  },
  {
    "aliases" : [
      "centra",
      "meza",
      "center",
      "centre"
    ],
    "name" : "img_center"
  },
  {
    "aliases" : [
      "kadro",
      "enkadrita",
      "enkadrite",
      "frame",
      "framed",
      "enframed"
    ],
    "name" : "img_framed"
  },
  {
    "aliases" : [
      "senkadra",
      "frameless"
    ],
    "name" : "img_frameless"
  },
  {
    "aliases" : [
      "maldekstra",
      "maldekstre",
      "left"
    ],
    "name" : "img_left"
  },
  {
    "aliases" : [
      "neniu",
      "nenio",
      "none"
    ],
    "name" : "img_none"
  },
  {
    "aliases" : [
      "dekstra",
      "dekstre",
      "right"
    ],
    "name" : "img_right"
  },
  {
    "aliases" : [
      "eta",
      "thumb",
      "thumbnail"
    ],
    "name" : "img_thumbnail"
  },
  {
    "aliases" : [
      "Arkivo"
    ],
    "name" : "file_namespace"
  }
]