[
  {
    "aliases" : [
      "代替文=$1",
      "alt=$1"
    ],
    "name" : "img_alt"
  },
  {
    "aliases" : [
      "中央",
      "center",
      "centre"
    ],
    "name" : "img_center"
  },
  {
    "aliases" : [
      "フレーム",
      "frame",
      "framed",
      "enframed"
    ],
    "name" : "img_framed"
  },
  {
    "aliases" : [
      "フレームなし",
      "frameless"
    ],
    "name" : "img_frameless"
  },
  {
    "aliases" : [
      "左",
      "left"
    ],
    "name" : "img_left"
  },
  {
    "aliases" : [
      "なし",
      "無し",
      "none"
    ],
    "name" : "img_none"
  },
  {
    "aliases" : [
      "右",
      "right"
    ],
    "name" : "img_right"
  },
  {
    "aliases" : [
      "サムネイル",
      "thumb",
      "thumbnail"
    ],
    "name" : "img_thumbnail"
  },
  {
    "aliases" : [
      "ファイル"
    ],
    "name" : "file_namespace"
  }
]