[
  {
    "aliases" : [
      "ალტ=$1",
      "alt=$1"
    ],
    "name" : "img_alt"
  },
  {
    "aliases" : [
      "ცენტრი",
      "ცენტრში",
      "center",
      "centre"
    ],
    "name" : "img_center"
  },
  {
    "aliases" : [
      "მარცხნივ",
      "left"
    ],
    "name" : "img_left"
  },
  {
    "aliases" : [
      "არა",
      "none"
    ],
    "name" : "img_none"
  },
  {
    "aliases" : [
      "მარჯვნივ",
      "right"
    ],
    "name" : "img_right"
  },
  {
    "aliases" : [
      "მინი",
      "მინიატიურა",
      "მინიასლი",
      "ცეროდენა",
      "thumb",
      "thumbnail"
    ],
    "name" : "img_thumbnail"
  },
  {
    "aliases" : [
      "frame",
      "framed",
      "enframed"
    ],
    "name" : "img_framed"
  },
  {
    "aliases" : [
      "frameless"
    ],
    "name" : "img_frameless"
  },
  {
    "aliases" : [
      "ფაილი"
    ],
    "name" : "file_namespace"
  }
]