[
  {
    "aliases" : [
      "កណ្តាល",
      "center",
      "centre"
    ],
    "name" : "img_center"
  },
  {
    "aliases" : [
      "ស៊ុម",
      "frame",
      "framed",
      "enframed"
    ],
    "name" : "img_framed"
  },
  {
    "aliases" : [
      "គ្មានស៊ុម",
      "frameless"
    ],
    "name" : "img_frameless"
  },
  {
    "aliases" : [
      "ធ្វេង",
      "ខាងធ្វេង",
      "left"
    ],
    "name" : "img_left"
  },
  {
    "aliases" : [
      "ទទេ",
      "គ្មាន",
      "none"
    ],
    "name" : "img_none"
  },
  {
    "aliases" : [
      "ស្តាំ",
      "ខាងស្តាំ",
      "right"
    ],
    "name" : "img_right"
  },
  {
    "aliases" : [
      "រូបភាពតូច",
      "រូបតូច",
      "thumb",
      "thumbnail"
    ],
    "name" : "img_thumbnail"
  },
  {
    "aliases" : [
      "alt=$1"
    ],
    "name" : "img_alt"
  },
  {
    "aliases" : [
      "ឯកសារ"
    ],
    "name" : "file_namespace"
  }
]