[
  {
    "aliases" : [
      "대체글=$1",
      "alt=$1"
    ],
    "name" : "img_alt"
  },
  {
    "aliases" : [
      "가운데",
      "center",
      "centre"
    ],
    "name" : "img_center"
  },
  {
    "aliases" : [
      "프레임",
      "frame",
      "framed",
      "enframed"
    ],
    "name" : "img_framed"
  },
  {
    "aliases" : [
      "프레임없음",
      "frameless"
    ],
    "name" : "img_frameless"
  },
  {
    "aliases" : [
      "왼쪽",
      "left"
    ],
    "name" : "img_left"
  },
  {
    "aliases" : [
      "없음",
      "none"
    ],
    "name" : "img_none"
  },
  {
    "aliases" : [
      "오른쪽",
      "right"
    ],
    "name" : "img_right"
  },
  {
    "aliases" : [
      "섬네일",
      "썸네일",
      "축소판",
      "thumb",
      "thumbnail"
    ],
    "name" : "img_thumbnail"
  },
  {
    "aliases" : [
      "파일"
    ],
    "name" : "file_namespace"
  }
]