[
  {
    "aliases" : [
      "links",
      "lengks",
      "lenks",
      "left"
    ],
    "name" : "img_left"
  },
  {
    "aliases" : [
      "rähß",
      "räts",
      "rechts",
      "right"
    ],
    "name" : "img_right"
  },
  {
    "aliases" : [
      "alternativtext=$1",
      "alt=$1"
    ],
    "name" : "img_alt"
  },
  {
    "aliases" : [
      "zentriert",
      "center",
      "centre"
    ],
    "name" : "img_center"
  },
  {
    "aliases" : [
      "gerahmt",
      "frame",
      "framed",
      "enframed"
    ],
    "name" : "img_framed"
  },
  {
    "aliases" : [
      "rahmenlos",
      "frameless"
    ],
    "name" : "img_frameless"
  },
  {
    "aliases" : [
      "ohne",
      "none"
    ],
    "name" : "img_none"
  },
  {
    "aliases" : [
      "mini",
      "miniatur",
      "thumb",
      "thumbnail"
    ],
    "name" : "img_thumbnail"
  },
  {
    "aliases" : [
      "Datei"
    ],
    "name" : "file_namespace"
  }
]