[
  {
    "aliases" : [
      "kresel",
      "center",
      "centre"
    ],
    "name" : "img_center"
  },
  {
    "aliases" : [
      "fremys",
      "frame",
      "framed",
      "enframed"
    ],
    "name" : "img_framed"
  },
  {
    "aliases" : [
      "hebfram",
      "frameless"
    ],
    "name" : "img_frameless"
  },
  {
    "aliases" : [
      "kledh",
      "left"
    ],
    "name" : "img_left"
  },
  {
    "aliases" : [
      "nagonan",
      "none"
    ],
    "name" : "img_none"
  },
  {
    "aliases" : [
      "dyhow",
      "right"
    ],
    "name" : "img_right"
  },
  {
    "aliases" : [
      "skeusennik",
      "thumb",
      "thumbnail"
    ],
    "name" : "img_thumbnail"
  },
  {
    "aliases" : [
      "alt=$1"
    ],
    "name" : "img_alt"
  },
  {
    "aliases" : [
      "Restren"
    ],
    "name" : "file_namespace"
  }
]