[
  {
    "aliases" : [
      "zentréiert",
      "zentriert",
      "center",
      "centre"
    ],
    "name" : "img_center"
  },
  {
    "aliases" : [
      "gerummt",
      "gerahmt",
      "frame",
      "framed",
      "enframed"
    ],
    "name" : "img_framed"
  },
  {
    "aliases" : [
      "rahmenlos",
      "net_gerummt",
      "frameless"
    ],
    "name" : "img_frameless"
  },
  {
    "aliases" : [
      "lénks",
      "links",
      "left"
    ],
    "name" : "img_left"
  },
  {
    "aliases" : [
      "ohne",
      "ouni",
      "none"
    ],
    "name" : "img_none"
  },
  {
    "aliases" : [
      "riets",
      "rechts",
      "right"
    ],
    "name" : "img_right"
  },
  {
    "aliases" : [
      "miniatur",
      "Miniatur",
      "mini",
      "thumb",
      "thumbnail"
    ],
    "name" : "img_thumbnail"
  },
  {
    "aliases" : [
      "alternativtext=$1",
      "alt=$1"
    ],
    "name" : "img_alt"
  },
  {
    "aliases" : [
      "Fichier"
    ],
    "name" : "file_namespace"
  }
]