[
  {
    "aliases" : [
      "альт=$1",
      "alt=$1"
    ],
    "name" : "img_alt"
  },
  {
    "aliases" : [
      "центр",
      "center",
      "centre"
    ],
    "name" : "img_center"
  },
  {
    "aliases" : [
      "обрамить",
      "frame",
      "framed",
      "enframed"
    ],
    "name" : "img_framed"
  },
  {
    "aliases" : [
      "безрамки",
      "frameless"
    ],
    "name" : "img_frameless"
  },
  {
    "aliases" : [
      "слева",
      "left"
    ],
    "name" : "img_left"
  },
  {
    "aliases" : [
      "без",
      "none"
    ],
    "name" : "img_none"
  },
  {
    "aliases" : [
      "справа",
      "right"
    ],
    "name" : "img_right"
  },
  {
    "aliases" : [
      "мини",
      "миниатюра",
      "thumb",
      "thumbnail"
    ],
    "name" : "img_thumbnail"
  },
  {
    "aliases" : [
      "Файл"
    ],
    "name" : "file_namespace"
  }
]