[
  {
    "aliases" : [
      "جایگزین=$1",
      "alt=$1"
    ],
    "name" : "img_alt"
  },
  {
    "aliases" : [
      "وسط",
      "center",
      "centre"
    ],
    "name" : "img_center"
  },
  {
    "aliases" : [
      "قاب",
      "frame",
      "framed",
      "enframed"
    ],
    "name" : "img_framed"
  },
  {
    "aliases" : [
      "بی‌قاب",
      "بیقاب",
      "بی_قاب",
      "frameless"
    ],
    "name" : "img_frameless"
  },
  {
    "aliases" : [
      "چپ",
      "left"
    ],
    "name" : "img_left"
  },
  {
    "aliases" : [
      "هیچ",
      "none"
    ],
    "name" : "img_none"
  },
  {
    "aliases" : [
      "راست",
      "right"
    ],
    "name" : "img_right"
  },
  {
    "aliases" : [
      "بندانگشتی",
      "انگشتی",
      "انگشتدان",
      "thumb",
      "thumbnail"
    ],
    "name" : "img_thumbnail"
  },
  {
    "aliases" : [
      "جانیا"
    ],
    "name" : "file_namespace"
  }
]