[
  {
    "aliases" : [
      "al=$1",
      "alternatif=$1",
      "alt=$1"
    ],
    "name" : "img_alt"
  },
  {
    "aliases" : [
      "pus",
      "pusat",
      "center",
      "centre"
    ],
    "name" : "img_center"
  },
  {
    "aliases" : [
      "bingkai",
      "bing",
      "frame",
      "framed",
      "enframed"
    ],
    "name" : "img_framed"
  },
  {
    "aliases" : [
      "nirbing",
      "tanpabingkai",
      "frameless"
    ],
    "name" : "img_frameless"
  },
  {
    "aliases" : [
      "kiri",
      "ki",
      "left"
    ],
    "name" : "img_left"
  },
  {
    "aliases" : [
      "nir",
      "tanpa",
      "none"
    ],
    "name" : "img_none"
  },
  {
    "aliases" : [
      "ka",
      "kanan",
      "right"
    ],
    "name" : "img_right"
  },
  {
    "aliases" : [
      "jmpl",
      "jempol",
      "mini",
      "miniatur",
      "thumb",
      "thumbnail"
    ],
    "name" : "img_thumbnail"
  },
  {
    "aliases" : [
      "Barkas"
    ],
    "name" : "file_namespace"
  }
]