[
  {
    "aliases" : [
      "алт=$1",
      "alt=$1"
    ],
    "name" : "img_alt"
  },
  {
    "aliases" : [
      "центар",
      "ц",
      "center",
      "centre"
    ],
    "name" : "img_center"
  },
  {
    "aliases" : [
      "рамка",
      "ворамка",
      "frame",
      "framed",
      "enframed"
    ],
    "name" : "img_framed"
  },
  {
    "aliases" : [
      "безрамка",
      "frameless"
    ],
    "name" : "img_frameless"
  },
  {
    "aliases" : [
      "лево",
      "л",
      "left"
    ],
    "name" : "img_left"
  },
  {
    "aliases" : [
      "н",
      "нема",
      "none"
    ],
    "name" : "img_none"
  },
  {
    "aliases" : [
      "десно",
      "д",
      "right"
    ],
    "name" : "img_right"
  },
  {
    "aliases" : [
      "мини",
      "мини-слика",
      "thumb",
      "thumbnail"
    ],
    "name" : "img_thumbnail"
  },
  {
    "aliases" : [
      "Податотека"
    ],
    "name" : "file_namespace"
  }
]