[
  {
    "aliases" : [
      "अल्ट=$1",
      "alt=$1"
    ],
    "name" : "img_alt"
  },
  {
    "aliases" : [
      "मध्यवर्ती",
      "center",
      "centre"
    ],
    "name" : "img_center"
  },
  {
    "aliases" : [
      "चौकट",
      "फ़्रेम",
      "frame",
      "framed",
      "enframed"
    ],
    "name" : "img_framed"
  },
  {
    "aliases" : [
      "विनाचौकट",
      "विनाफ़्रेम",
      "frameless"
    ],
    "name" : "img_frameless"
  },
  {
    "aliases" : [
      "डावे",
      "left"
    ],
    "name" : "img_left"
  },
  {
    "aliases" : [
      "कोणतेचनाही",
      "नन्ना",
      "none"
    ],
    "name" : "img_none"
  },
  {
    "aliases" : [
      "उजवे",
      "right"
    ],
    "name" : "img_right"
  },
  {
    "aliases" : [
      "इवलेसे",
      "thumb",
      "thumbnail"
    ],
    "name" : "img_thumbnail"
  },
  {
    "aliases" : [
      "चित्र"
    ],
    "name" : "file_namespace"
  }
]