[
  {
    "aliases" : [
      "nofs",
      "ċentrali",
      "ċentru",
      "center",
      "centre"
    ],
    "name" : "img_center"
  },
  {
    "aliases" : [
      "tilat",
      "b'tilar",
      "tilar",
      "frame",
      "framed",
      "enframed"
    ],
    "name" : "img_framed"
  },
  {
    "aliases" : [
      "bla_tilar",
      "frameless"
    ],
    "name" : "img_frameless"
  },
  {
    "aliases" : [
      "xellug",
      "left"
    ],
    "name" : "img_left"
  },
  {
    "aliases" : [
      "xejn",
      "none"
    ],
    "name" : "img_none"
  },
  {
    "aliases" : [
      "lemin",
      "right"
    ],
    "name" : "img_right"
  },
  {
    "aliases" : [
      "daqsminuri",
      "minuri",
      "thumb",
      "thumbnail"
    ],
    "name" : "img_thumbnail"
  },
  {
    "aliases" : [
      "alt=$1"
    ],
    "name" : "img_alt"
  },
  {
    "aliases" : [
      "Stampa"
    ],
    "name" : "file_namespace"
  }
]