[
  {
    "aliases" : [
      "keski",
      "keskitetty",
      "center",
      "centre"
    ],
    "name" : "img_center"
  },
  {
    "aliases" : [
      "kehys",
      "kehystetty",
      "frame",
      "framed",
      "enframed"
    ],
    "name" : "img_framed"
  },
  {
    "aliases" : [
      "kehyksetön",
      "frameless"
    ],
    "name" : "img_frameless"
  },
  {
    "aliases" : [
      "vasen",
      "left"
    ],
    "name" : "img_left"
  },
  {
    "aliases" : [
      "tyhjä",
      "none"
    ],
    "name" : "img_none"
  },
  {
    "aliases" : [
      "oikea",
      "right"
    ],
    "name" : "img_right"
  },
  {
    "aliases" : [
      "pienoiskuva",
      "pienois",
      "thumb",
      "thumbnail"
    ],
    "name" : "img_thumbnail"
  },
  {
    "aliases" : [
      "alt=$1"
    ],
    "name" : "img_alt"
  },
  {
    "aliases" : [
      "Failu"
    ],
    "name" : "file_namespace"
  }
]