[
  {
    "aliases" : [
      "centro",
      "center",
      "centre"
    ],
    "name" : "img_center"
  },
  {
    "aliases" : [
      "riquadrato",
      "originale",
      "incorniciato",
      "frame",
      "framed",
      "enframed"
    ],
    "name" : "img_framed"
  },
  {
    "aliases" : [
      "senza_cornice",
      "frameless"
    ],
    "name" : "img_frameless"
  },
  {
    "aliases" : [
      "sinistra",
      "left"
    ],
    "name" : "img_left"
  },
  {
    "aliases" : [
      "nessuno",
      "none"
    ],
    "name" : "img_none"
  },
  {
    "aliases" : [
      "destra",
      "right"
    ],
    "name" : "img_right"
  },
  {
    "aliases" : [
      "miniatura",
      "min",
      "thumb",
      "thumbnail"
    ],
    "name" : "img_thumbnail"
  },
  {
    "aliases" : [
      "alt=$1"
    ],
    "name" : "img_alt"
  },
  {
    "aliases" : [
      "Figura"
    ],
    "name" : "file_namespace"
  }
]