[
  {
    "aliases" : [
      "centru",
      "center",
      "centre"
    ],
    "name" : "img_center"
  },
  {
    "aliases" : [
      "cadru",
      "frame",
      "framed",
      "enframed"
    ],
    "name" : "img_framed"
  },
  {
    "aliases" : [
      "faracadru",
      "frameless"
    ],
    "name" : "img_frameless"
  },
  {
    "aliases" : [
      "stanga",
      "left"
    ],
    "name" : "img_left"
  },
  {
    "aliases" : [
      "nu",
      "none"
    ],
    "name" : "img_none"
  },
  {
    "aliases" : [
      "dreapta",
      "right"
    ],
    "name" : "img_right"
  },
  {
    "aliases" : [
      "miniatura",
      "mini",
      "thumb",
      "thumbnail"
    ],
    "name" : "img_thumbnail"
  },
  {
    "aliases" : [
      "alt=$1"
    ],
    "name" : "img_alt"
  },
  {
    "aliases" : [
      "Chitro"
    ],
    "name" : "file_namespace"
  }
]