[
  {
    "aliases" : [
      "alt=$1"
    ],
    "name" : "img_alt"
  },
  {
    "aliases" : [
      "center",
      "centre"
    ],
    "name" : "img_center"
  },
  {
    "aliases" : [
      "frame",
      "framed",
      "enframed"
    ],
    "name" : "img_framed"
  },
  {
    "aliases" : [
      "frameless"
    ],
    "name" : "img_frameless"
  },
  {
    "aliases" : [
      "left"
    ],
    "name" : "img_left"
  },
  {
    "aliases" : [
      "none"
    ],
    "name" : "img_none"
  },
  {
    "aliases" : [
      "right"
    ],
    "name" : "img_right"
  },
  {
    "aliases" : [
      "thumb",
      "thumbnail"
    ],
    "name" : "img_thumbnail"
  },
  {
    "aliases" : [
      "Dosiye"
    ],
    "name" : "file_namespace"
  }
]