[
  {
    "aliases" : [
      "चित्रपाठ्यम्=$1",
      "विकल्प=$1",
      "alt=$1",
      "पाठ=$1"
    ],
    "name" : "img_alt"
  },
  {
    "aliases" : [
      "केन्द्रम्",
      "मध्य",
      "center",
      "centre",
      "केंद्र",
      "केन्द्र",
      "केन्द्रित",
      "केंद्रित"
    ],
    "name" : "img_center"
  },
  {
    "aliases" : [
      "आबन्धः",
      "आबन्ध",
      "frame",
      "framed",
      "enframed",
      "फ्रेम",
      "फ़्रेम"
    ],
    "name" : "img_framed"
  },
  {
    "aliases" : [
      "निराबन्धः",
      "निराबन्ध",
      "frameless",
      "फ़्रेमहीन",
      "फ्रेमहीन"
    ],
    "name" : "img_frameless"
  },
  {
    "aliases" : [
      "वामतः",
      "left",
      "बाएँ",
      "बाएं",
      "बायें"
    ],
    "name" : "img_left"
  },
  {
    "aliases" : [
      "किमपि_न",
      "नैव",
      "none",
      "कोई_नहीं"
    ],
    "name" : "img_none"
  },
  {
    "aliases" : [
      "दक्षिणतः",
      "दक्षिणत",
      "right",
      "दाएँ",
      "दायें",
      "दाएं"
    ],
    "name" : "img_right"
  },
  {
    "aliases" : [
      "लघुचित्रम्",
      "सङ्कुचितचित्रम्",
      "अङ्गुष्ठचित्रम्",
      "लघुत्तम",
      "अङ्गुष्ठ",
      "सङ्कुचितचित्र",
      "thumb",
      "thumbnail",
      "अंगूठाकार",
      "अंगूठा"
    ],
    "name" : "img_thumbnail"
  },
  {
    "aliases" : [
      "सञ्चिका"
    ],
    "name" : "file_namespace"
  }
]