[
  {
    "aliases" : [
      "sredina",
      "sredinsko",
      "center",
      "centre"
    ],
    "name" : "img_center"
  },
  {
    "aliases" : [
      "okvir",
      "okvirjeno",
      "frame",
      "framed",
      "enframed"
    ],
    "name" : "img_framed"
  },
  {
    "aliases" : [
      "brezokvirja",
      "frameless"
    ],
    "name" : "img_frameless"
  },
  {
    "aliases" : [
      "levo",
      "left"
    ],
    "name" : "img_left"
  },
  {
    "aliases" : [
      "brez",
      "none"
    ],
    "name" : "img_none"
  },
  {
    "aliases" : [
      "desno",
      "right"
    ],
    "name" : "img_right"
  },
  {
    "aliases" : [
      "sličica",
      "thumb",
      "thumbnail"
    ],
    "name" : "img_thumbnail"
  },
  {
    "aliases" : [
      "alt=$1"
    ],
    "name" : "img_alt"
  },
  {
    "aliases" : [
      "Slika"
    ],
    "name" : "file_namespace"
  }
]