[
  {
    "aliases" : [
      "qendër",
      "qendrore",
      "center",
      "centre"
    ],
    "name" : "img_center"
  },
  {
    "aliases" : [
      "i_kornizuar",
      "pa_kornizë",
      "kornizë",
      "frame",
      "framed",
      "enframed"
    ],
    "name" : "img_framed"
  },
  {
    "aliases" : [
      "majtas",
      "left"
    ],
    "name" : "img_left"
  },
  {
    "aliases" : [
      "asnjë",
      "s'ka",
      "none"
    ],
    "name" : "img_none"
  },
  {
    "aliases" : [
      "djathtas",
      "right"
    ],
    "name" : "img_right"
  },
  {
    "aliases" : [
      "parapamje",
      "pamje",
      "thumb",
      "thumbnail"
    ],
    "name" : "img_thumbnail"
  },
  {
    "aliases" : [
      "alt=$1"
    ],
    "name" : "img_alt"
  },
  {
    "aliases" : [
      "frameless"
    ],
    "name" : "img_frameless"
  },
  {
    "aliases" : [
      "Skeda"
    ],
    "name" : "file_namespace"
  }
]