[
  {
    "aliases" : [
      "centrerad",
      "center",
      "centre"
    ],
    "name" : "img_center"
  },
  {
    "aliases" : [
      "ram",
      "inramad",
      "frame",
      "framed",
      "enframed"
    ],
    "name" : "img_framed"
  },
  {
    "aliases" : [
      "ramlös",
      "frameless"
    ],
    "name" : "img_frameless"
  },
  {
    "aliases" : [
      "vänster",
      "left"
    ],
    "name" : "img_left"
  },
  {
    "aliases" : [
      "ingen",
      "none"
    ],
    "name" : "img_none"
  },
  {
    "aliases" : [
      "höger",
      "right"
    ],
    "name" : "img_right"
  },
  {
    "aliases" : [
      "miniatyr",
      "mini",
      "thumb",
      "thumbnail"
    ],
    "name" : "img_thumbnail"
  },
  {
    "aliases" : [
      "alt=$1"
    ],
    "name" : "img_alt"
  },
  {
    "aliases" : [
      "Fil"
    ],
    "name" : "file_namespace"
  }
]