[
  {
    "aliases" : [
      "centro",
      "center",
      "centre"
    ],
    "name" : "img_center"
  },
  {
    "aliases" : [
      "commoldura",
      "comborda",
      "frame",
      "framed",
      "enframed"
    ],
    "name" : "img_framed"
  },
  {
    "aliases" : [
      "semmoldura",
      "semborda",
      "frameless"
    ],
    "name" : "img_frameless"
  },
  {
    "aliases" : [
      "esquerda",
      "left"
    ],
    "name" : "img_left"
  },
  {
    "aliases" : [
      "nenhum",
      "none"
    ],
    "name" : "img_none"
  },
  {
    "aliases" : [
      "direita",
      "right"
    ],
    "name" : "img_right"
  },
  {
    "aliases" : [
      "miniaturadaimagem",
      "miniatura",
      "thumb",
      "thumbnail"
    ],
    "name" : "img_thumbnail"
  },
  {
    "aliases" : [
      "alt=$1"
    ],
    "name" : "img_alt"
  },
  {
    "aliases" : [
      "Imajen"
    ],
    "name" : "file_namespace"
  }
]