[
  {
    "aliases" : [
      "алт=$1",
      "alt=$1"
    ],
    "name" : "img_alt"
  },
  {
    "aliases" : [
      "марказ",
      "center",
      "centre"
    ],
    "name" : "img_center"
  },
  {
    "aliases" : [
      "чаҳорчӯба",
      "рамка",
      "frame",
      "framed",
      "enframed"
    ],
    "name" : "img_framed"
  },
  {
    "aliases" : [
      "бе_чаҳорчӯба",
      "бе_рамка",
      "frameless"
    ],
    "name" : "img_frameless"
  },
  {
    "aliases" : [
      "чап",
      "left"
    ],
    "name" : "img_left"
  },
  {
    "aliases" : [
      "бе",
      "none"
    ],
    "name" : "img_none"
  },
  {
    "aliases" : [
      "рост",
      "right"
    ],
    "name" : "img_right"
  },
  {
    "aliases" : [
      "мини",
      "миниатюра",
      "thumb",
      "thumbnail"
    ],
    "name" : "img_thumbnail"
  },
  {
    "aliases" : [
      "Акс"
    ],
    "name" : "file_namespace"
  }
]