[
  {
    "aliases" : [
      "متبادل=$1",
      "alt=$1"
    ],
    "name" : "img_alt"
  },
  {
    "aliases" : [
      "وسط",
      "center",
      "centre"
    ],
    "name" : "img_center"
  },
  {
    "aliases" : [
      "چوکھٹا",
      "frame",
      "framed",
      "enframed"
    ],
    "name" : "img_framed"
  },
  {
    "aliases" : [
      "بدون_چوکھٹا",
      "frameless"
    ],
    "name" : "img_frameless"
  },
  {
    "aliases" : [
      "بائیں",
      "left"
    ],
    "name" : "img_left"
  },
  {
    "aliases" : [
      "بغیر",
      "بدون",
      "none"
    ],
    "name" : "img_none"
  },
  {
    "aliases" : [
      "دائیں",
      "right"
    ],
    "name" : "img_right"
  },
  {
    "aliases" : [
      "تصغیر",
      "thumb",
      "thumbnail"
    ],
    "name" : "img_thumbnail"
  },
  {
    "aliases" : [
      "فائل"
    ],
    "name" : "file_namespace"
  }
]