[
  {
    "aliases" : [
      "hura",
      "vasakul",
      "left"
    ],
    "name" : "img_left"
  },
  {
    "aliases" : [
      "eile",
      "tühi",
      "none"
    ],
    "name" : "img_none"
  },
  {
    "aliases" : [
      "oiged",
      "paremal",
      "right"
    ],
    "name" : "img_right"
  },
  {
    "aliases" : [
      "keskel",
      "center",
      "centre"
    ],
    "name" : "img_center"
  },
  {
    "aliases" : [
      "raam",
      "frame",
      "framed",
      "enframed"
    ],
    "name" : "img_framed"
  },
  {
    "aliases" : [
      "raamita",
      "frameless"
    ],
    "name" : "img_frameless"
  },
  {
    "aliases" : [
      "pisi",
      "pisipilt",
      "thumb",
      "thumbnail"
    ],
    "name" : "img_thumbnail"
  },
  {
    "aliases" : [
      "alt=$1"
    ],
    "name" : "img_alt"
  },
  {
    "aliases" : [
      "Fail"
    ],
    "name" : "file_namespace"
  }
]