[
  {
    "aliases" : [
      "thế=$1",
      "thay_thế=$1",
      "alt=$1"
    ],
    "name" : "img_alt"
  },
  {
    "aliases" : [
      "giữa",
      "center",
      "centre"
    ],
    "name" : "img_center"
  },
  {
    "aliases" : [
      "khung",
      "frame",
      "framed",
      "enframed"
    ],
    "name" : "img_framed"
  },
  {
    "aliases" : [
      "không_khung",
      "frameless"
    ],
    "name" : "img_frameless"
  },
  {
    "aliases" : [
      "trái",
      "left"
    ],
    "name" : "img_left"
  },
  {
    "aliases" : [
      "không",
      "none"
    ],
    "name" : "img_none"
  },
  {
    "aliases" : [
      "phải",
      "right"
    ],
    "name" : "img_right"
  },
  {
    "aliases" : [
      "nhỏ",
      "thumb",
      "thumbnail"
    ],
    "name" : "img_thumbnail"
  },
  {
    "aliases" : [
      "Tập tin"
    ],
    "name" : "file_namespace"
  }
]