[
  {
    "aliases" : [
      "centré",
      "center",
      "centre"
    ],
    "name" : "img_center"
  },
  {
    "aliases" : [
      "cadre",
      "encadré",
      "encadre",
      "frame",
      "framed",
      "enframed"
    ],
    "name" : "img_framed"
  },
  {
    "aliases" : [
      "sans_cadre",
      "non_encadré",
      "non_encadre",
      "frameless"
    ],
    "name" : "img_frameless"
  },
  {
    "aliases" : [
      "gauche",
      "left"
    ],
    "name" : "img_left"
  },
  {
    "aliases" : [
      "néant",
      "neant",
      "none"
    ],
    "name" : "img_none"
  },
  {
    "aliases" : [
      "droite",
      "right"
    ],
    "name" : "img_right"
  },
  {
    "aliases" : [
      "vignette",
      "thumb",
      "thumbnail"
    ],
    "name" : "img_thumbnail"
  },
  {
    "aliases" : [
      "alt=$1"
    ],
    "name" : "img_alt"
  },
  {
    "aliases" : [
      "Imådje"
    ],
    "name" : "file_namespace"
  }
]